day, apr
0, 0.1740251707100836
1, 0.179092080939544
2, 0.1809849258293047
3, 0.1803066091272601
4, 0.1776753934212398
